{"cameraMode":{"drawMode":0,"name":"Shaded","section":"Shading Mode"},"sceneLighting":true,"audioPlay":false,"sceneViewState":{"m_AlwaysRefresh":false,"showFog":false,"showSkybox":false,"showFlares":false,"showImageEffects":false,"showParticleSystems":false,"showVisualEffectGraphs":false,"m_FxEnabled":true},"in2DMode":false,"pivot":{"x":-6.250421047210693,"y":1.771097183227539,"z":31.94890022277832},"rotation":{"x":0.03337310627102852,"y":-0.25377386808395388,"z":0.0076767499558627609,"w":0.9674351215362549},"size":7.1820807456970219,"orthographic":false}