{"cameraMode":{"drawMode":0,"name":"Shaded","section":"Shading Mode"},"sceneLighting":false,"audioPlay":false,"sceneViewState":{"m_AlwaysRefresh":false,"showFog":false,"showSkybox":false,"showFlares":false,"showImageEffects":false,"showParticleSystems":false,"showVisualEffectGraphs":false,"m_FxEnabled":true},"in2DMode":false,"pivot":{"x":0.22009062767028809,"y":0.07183694839477539,"z":0.4675005376338959},"rotation":{"x":-0.2894824147224426,"y":-0.6599593758583069,"z":0.30580538511276247,"w":-0.6230195164680481},"size":1.1974256038665772,"orthographic":false}